sentence,loss
[  27 1265  232    5    3   41   43  158   22   13],0.011941310375452424
[70 17],0.012443772910079512
[22 13],0.012460413864933078
[22 13],0.012460413864933078
[22 47],0.013244828927467707
[22 47],0.013244828927467707
[22 47],0.013244828927467707
[  2 173   9   2  47],0.014626272015384368
[   2 1251    9   12   13],0.015596902052372696
[61 17],0.016294058437454007
