sentence,loss
[17],0.011569696649881122
[17],0.011569696649881122
[17],0.011569696649881122
[  27  141   34 1205    3  101    3   18   70   17],0.011629787731605768
[70 17],0.012832207475987997
[54 46 17],0.015573147909308473
[  70 1262   17],0.01558770393309627
[46 17],0.016377611575422734
[61 17],0.016487630610926177
[ 15   2 964   3  70  17],0.017475390568544413
