hdim,lr,back_step,loss,loss_adjusted
25,0.1,0,5.811144327375237,6.293801610327312
