epoch,loss,acc
0,0.6084594894295169,0.698
1,0.5788305732319177,0.702
2,0.5409816439055137,0.724
3,0.5383817410014451,0.713
4,0.5060864890048322,0.788
5,0.48369467988766773,0.789
6,0.51111299728567,0.754
7,0.4736049981140037,0.792
8,0.45777201752984875,0.802
9,0.5151026207859916,0.754
