epoch,loss,acc
0,0.5978429726900553,0.684
1,0.7208614806762572,0.665
2,0.7184427584295862,0.688
3,0.5473531813003583,0.712
4,0.5065566167376279,0.76
5,0.5001488058290398,0.759
6,0.50554947237464,0.753
7,0.5258348951413718,0.743
8,0.5587439936726678,0.732
9,0.47685184538393255,0.777
