epoch,loss,acc
0,0.5930933088974405,0.708
1,0.5551773032958307,0.711
2,0.527988244002673,0.743
3,0.5170741793912748,0.738
4,0.49748647742416874,0.771
5,0.49348715607260696,0.783
6,0.5002335418731365,0.767
7,0.4707857765150541,0.784
8,0.4993915876097045,0.777
9,0.477617972343906,0.781
