epoch,loss,acc
0,0.6118974990036872,0.667
1,0.5910561516628081,0.683
2,0.5737012171610061,0.706
3,0.5458655472373869,0.718
4,0.5385638194953836,0.722
5,0.5312896894683913,0.722
6,0.5357350056196215,0.725
7,0.5236070752790015,0.731
8,0.5260688126666714,0.73
9,0.5184162219480023,0.733
