epoch,loss,acc
0,0.5988287017256381,0.671
1,0.576660374082158,0.702
2,0.5793335666829389,0.7
3,0.5646455548289745,0.706
4,0.5575718307543587,0.707
5,0.5508213212669208,0.733
6,0.5492283643707403,0.726
7,0.5465173657340772,0.736
8,0.5460079253609056,0.726
9,0.5444316930950717,0.733
