epoch,loss,acc
0,0.6369982424188588,0.664
1,0.5547285899407007,0.712
2,0.5304733633488891,0.735
3,0.516520583852236,0.743
4,0.5056524926667002,0.748
5,0.49727901440510613,0.778
6,0.4936818635815266,0.767
7,0.5028961033100068,0.752
8,0.47799214636791854,0.779
9,0.4741043486447353,0.78
