epoch,loss,acc
0,0.7269058342180348,0.662
1,0.5610151058864699,0.706
2,0.5636165202181889,0.709
3,0.5230107357713476,0.732
4,0.5067996558184213,0.773
5,0.5057661604461205,0.774
6,0.47637456688312163,0.777
7,0.6362857360936025,0.711
8,0.4629179824180014,0.783
9,0.5052629231182126,0.764
