epoch,loss,acc
0,0.6662833373951101,0.587
1,0.6012487672888616,0.685
2,0.6024679148806787,0.681
3,0.5987419029544119,0.686
4,0.5982138313217084,0.685
5,0.5964692297073778,0.689
6,0.5949317846029268,0.693
7,0.5950495204731286,0.692
8,0.5939374085635624,0.694
9,0.5945101883158664,0.691
