mean_loss_np,accuracy,model,lookback
0.4495194740188431,0.79625,rnn,1
0.37746344890191885,0.79625,gru,1
0.4590249378264978,0.791,rnn,3
0.35764270009187954,0.791,gru,3
0.4559917624057493,0.796,rnn,5
0.3752982076402909,0.796,gru,5
0.4471903592485768,0.806,rnn,10
0.3776378407747146,0.806,gru,10
0.44875211464779996,0.80175,rnn,20
0.38393165558469566,0.80175,gru,20
0.4524039427735591,0.79975,rnn,30
0.3707927327227047,0.79975,gru,30
