mean_loss_np,model,lookback
0.44951947401884307,rnn,1
0.3774634489019189,gru,1
0.45902493782649767,rnn,3
0.3576427000918796,gru,3
0.4559917624057494,rnn,5
0.375298207640291,gru,5
0.4471903592485768,rnn,10
0.37763784077471463,gru,10
0.44875211464779996,rnn,20
0.3839316555846958,gru,20
0.4524039427735592,rnn,30
0.3707927327227047,gru,30
