mean_loss_np,accuracy,model,anneal
0.4917833722977379,0.772,rnn,2
0.5002602886424226,0.7665,rnn,4
