sentence,loss
[  27  141   34 1205    3  101    3   18   70   17],0.01203568536210998
[61 17],0.014611324423353004
[17],0.014624998462794102
[17],0.014624998462794102
[17],0.014624998462794102
[ 15   2 964   3  70  17],0.015067544963179044
[70 17],0.015561585062268785
[54 46 17],0.01572957309036915
[  2 173   9   2  47],0.016759972070809204
[1741    3   46   17],0.018194917058130606
