sentence,loss
[61 17],0.008537830893594818
[  70 1262   17],0.011344375679334608
[54 46 17],0.011805485482399913
[70 17],0.012218151986238006
[17],0.013103296496297956
[17],0.013103296496297956
[17],0.013103296496297956
[  27  141   34 1205    3  101    3   18   70   17],0.013741251292565728
[1741    3   46   17],0.013951168240417425
[ 15   2 964   3  70  17],0.014101670852451271
