sentence,loss
[17],0.015869241219080784
[17],0.015869241219080784
[17],0.015869241219080784
[  27  141   34 1205    3  101    3   18   70   17],0.019247415006363212
[  2 173   9   2  47],0.02019351688503714
[   2 1251    9   12   13],0.020517286413264706
[ 22 277],0.020667376676694493
[ 22 277],0.020667376676694493
[ 22 277],0.020667376676694493
[ 22 277],0.020667376676694493
