sentence,loss
[22 47],0.012853876385237804
[22 47],0.012853876385237804
[22 47],0.012853876385237804
[  2 173   9   2  47],0.015460993375079233
[22 85],0.015937195775926838
[22 13],0.017324855946734993
[22 13],0.017324855946734993
[  27  141   34 1205    3  101    3   18   70   17],0.017966550846429015
[   2 1251    9   12   13],0.018256719065828472
[70 17],0.01895539659506591
